"channel","pearson_corr_spend_vs_revenue"
affiliate,0.7466733319489011
display,0.7464135265206857
email,0.7551472601873529
paid_search,0.7518541589387508
paid_social,0.7667776777034968
tv,0.7364107580199992
