"channel","baseline_attr_rev","higher_spend_attr_rev","abs_lift","pct_lift"
affiliate,3656.1061307322548,5382.966682988755,1726.8605522565,47.23223261329779
display,5702.259716998252,8007.160877656723,2304.901160658471,40.4208379668789
email,1856.1068533079476,2677.172354446095,821.0655011381475,44.235896207960614
paid_search,11351.736406175385,16134.622499906032,4782.886093730647,42.13351968892389
paid_social,9266.997635319969,13458.135013851419,4191.13737853145,45.22648589611666
tv,7587.593234362823,10683.700912101345,3096.1076777385224,40.804871612210526
