"factor","avg_control","avg_treated","abs_lift","pct_lift"
holiday,54129.12037790698,63974.20625,9845.085872093026,18.188150487868153
promotion,51995.00934560327,60143.27824267782,8148.268897074551,15.671251913648467
weekend,53216.55894433781,58328.385797101444,5111.826852763632,9.605707235055123
