"channel","mean_spend","stddev_spend","cv_spend","min_spend","max_spend","range_spend"
paid_social,2751.488008241758,353.48053358126754,0.12846886212931266,1956.93,3556.52,1599.59
affiliate,1099.7274587912088,141.871549427946,0.12900609900555493,779.32,1410.81,631.4899999999999
display,1641.534945054945,211.93388928760027,0.1291071444601543,1166.37,2133.48,967.1100000000001
paid_search,3305.546373626373,427.3540465469324,0.12928393622204748,2337.17,4220.13,1882.96
email,547.5321565934065,71.13575844891157,0.12992069523641966,391.01,712.11,321.1
tv,2190.5559615384614,290.5866271638093,0.13265428150017486,1566.57,2843.52,1276.95
