"channel","total_spend","total_revenue_attributed"
paid_search,2406437.76,11401637.381182984
paid_social,2003083.27,9495760.39882957
tv,1594724.74,7554814.511212605
display,1195037.44,5663260.235366684
affiliate,800601.59,3794465.7854533456
email,398603.41,1889864.7579548107
